{"train/loss": 113.37100219726562, "train/recon_loss": 113.37100219726562, "train/bits_per_dim": 0.0018173308344557881, "_timestamp": 1738854233.7264264, "_runtime": 769.6270034313202, "_step": 20000, "_wandb": {"runtime": 769}, "val/loss": 130.13747226973192}